episode,epsilon,reward,latency_s,energy_j,balance,success_rate,qos
1,0.99,-20.926118368914207,11.156650144552103,11.691684848503847,0.11322186825050916,0.27499999999999997,9.180749926313062
2,0.9801,-22.234782011881975,11.429071932404915,16.156086253876506,0.06548808190190605,0.35833333333333334,4.293888975647229
3,0.9702989999999999,-20.77796963924601,11.722292532227074,13.577305566746196,0.06425904849578953,0.2833333333333333,12.616553851456949
4,0.96059601,-24.782810673512852,14.262534016276986,12.67557957127111,0.10440083491007973,0.2125,7.889271601973174
5,0.9509900498999999,-18.958855681848146,10.749482783006343,13.928275198052924,0.05584648498021805,0.2833333333333333,4.950808555572148
6,0.9414801494009999,-20.45918270847196,11.775079840258243,13.578320680130938,0.09481254248615649,0.2583333333333333,8.824700993368667
7,0.9320653479069899,-21.505244598177658,12.377917577030601,12.709963565880033,0.04962912162493935,0.21666666666666667,7.048529034358843
8,0.92274469442792,-21.472250182558895,11.637427880606284,14.536187784472693,0.061496449470843706,0.2541666666666667,7.6914168857000975
9,0.9135172474836407,-21.337012412141622,11.97441280285521,14.642810474048545,0.058104513560332784,0.22916666666666666,10.166083407380025
10,0.9043820750088043,-19.905442747796855,11.17894347705478,14.146042349851072,0.1270682844015343,0.2625,3.4779064352192712
11,0.8953382542587163,-22.30073771083025,11.67059724213218,13.630809306072935,0.06875993884190924,0.29583333333333334,46.68501687613571
12,0.8863848717161291,-22.38396955757818,12.209097460857258,12.104802643758205,0.17571048211450827,0.21250000000000002,6.72178881144093
13,0.8775210229989678,-19.947869683329518,10.485847609577128,13.800260076724859,0.08285162050985177,0.29583333333333334,4.66158630651301
14,0.8687458127689781,-20.29512463264008,12.199313804310423,13.797955596752407,0.04637836533858725,0.3208333333333333,33.78055012414828
15,0.8600583546412883,-20.136768799611588,10.968489135196236,15.480751558340794,0.06668320837479037,0.32916666666666666,16.67263183348076
16,0.8514577710948754,-24.95257621765295,12.842439794398416,15.959960892997849,0.11278568401081523,0.25416666666666665,12.60169152808197
17,0.8429431933839266,-20.683552518664214,11.621694531997846,14.945067631382075,0.052505542252780014,0.26666666666666666,5.197749714264946
18,0.8345137614500874,-31.042775030952473,16.051333601247467,13.02834392078487,0.14108682149844123,0.22916666666666666,13.147782967861687
19,0.8261686238355865,-24.420152248254485,13.880691096280694,15.228791318974338,0.042796166779760274,0.2958333333333333,11.363894519029897
20,0.8179069375972307,-23.39127131983406,12.933089372752852,12.726263223432056,0.11638976250028876,0.31666666666666665,25.234224253877116
21,0.8097278682212583,-18.75799740975833,10.521987073606732,12.46809439857082,0.10627711230953285,0.3166666666666667,4.5117890675967915
22,0.8016305895390458,-23.121031759909176,12.573543160177321,14.228842578897073,0.05583928151861222,0.2625,6.621811429508839
23,0.7936142836436553,-20.673146004258893,11.05494949500703,16.15614723299456,0.06768657016920591,0.32916666666666666,13.104366901811792
24,0.7856781408072188,-19.02188923013124,9.928395217218766,13.884002481237893,0.07065190390283271,0.3208333333333333,3.212651680561402
25,0.7778213593991465,-20.48152152361403,10.841306383512674,15.640687754055953,0.0768959676957437,0.325,2.9914183736274667
26,0.7700431458051551,-22.316737968042464,12.291566375430692,13.747771134643164,0.11066878698988436,0.23750000000000002,17.9469893195468
27,0.7623427143471035,-18.474309779533876,10.336241189121122,14.253130521844243,0.04119954650060289,0.3666666666666667,4.678741870355719
28,0.7547192872036325,-24.6423612806,12.542842423404373,12.723287949863058,0.12878524258267546,0.3041666666666667,5.357539032988801
29,0.7471720943315961,-21.038139699411996,10.989625305881185,14.778459853987579,0.07093234196289754,0.29583333333333334,10.610196312409924
30,0.7397003733882802,-20.87447231969927,12.116430886164045,13.240935209232681,0.05898014093053202,0.25000000000000006,8.875654821884437
31,0.7323033696543974,-20.90884279957422,11.713885090639415,14.832668831122568,0.07147351298259154,0.25,6.245999812816312
32,0.7249803359578534,-21.01865602652015,10.922301653850164,14.712012074233444,0.09094691094456213,0.3125,5.603125375342215
33,0.7177305325982748,-21.389264185245604,11.499984185557414,14.08511469693597,0.07494693383519341,0.25833333333333336,4.853637619586832
34,0.7105532272722921,-22.63233062447306,13.015908913469412,13.98301738204596,0.038528998988151604,0.3166666666666666,21.289277057093837
35,0.7034476949995692,-19.86729166393452,12.08401313204831,10.742004810469679,0.05967815238271112,0.24583333333333335,23.18683499399835
36,0.6964132180495735,-26.108111999801555,14.938508948127819,15.274728198451974,0.057098098478282316,0.2708333333333333,7.121332402488378
37,0.6894490858690777,-23.800295982382973,13.069501390171247,12.692159977942607,0.11170377565993278,0.26666666666666666,8.538587717936553
38,0.682554595010387,-20.62150959109071,11.9212990228974,13.14015747552211,0.05578215134476885,0.3,5.849364722760977
39,0.6757290490602831,-21.352701969180657,11.897408102786015,13.733542397261381,0.09466323486091964,0.23333333333333336,5.118988177928682
40,0.6689717585696803,-22.490341404374934,12.130261827886534,11.940465553278067,0.11567210028425089,0.23333333333333336,11.377722139300815
41,0.6622820409839835,-20.39225798494323,11.358781806849313,13.75553689625432,0.03623997048363675,0.2708333333333333,5.810858255691085
42,0.6556592205741436,-22.030147880345083,13.367880945315584,12.246287465235177,0.06201198385563842,0.2583333333333333,15.129701623590217
43,0.6491026283684022,-19.20447262220158,10.444686101608442,13.640001318299817,0.05841429786350063,0.29583333333333334,4.768852247762836
44,0.6426116020847181,-22.032774880017698,12.243130616021531,15.206351876488464,0.07205610256258703,0.3041666666666667,5.812531647119161
45,0.6361854860638709,-18.430703051835952,9.736006585040426,14.431662499264043,0.06190927638024807,0.3083333333333333,3.858254862739546
46,0.6298236312032323,-20.000462210269472,10.740980659748068,14.512994492233814,0.03362308780268648,0.325,16.5900491532611
47,0.6235253948912,-20.346967799194896,11.245530269195923,14.564826107551456,0.08769339786140277,0.22916666666666663,5.79225620167838
48,0.617290140942288,-22.77396710625058,12.091173293519367,11.769208079818268,0.14881556752637334,0.2416666666666666,10.68750339671935
49,0.6111172395328651,-17.197515911216552,9.347308074372188,13.157029035602001,0.06563911066503596,0.3958333333333333,3.698014327872912
50,0.6050060671375365,-24.02647725295847,14.130396197840787,13.378632762217924,0.06325820575901185,0.26666666666666666,7.024932994551578
51,0.5989560064661611,-21.49243193306221,11.734072376827973,13.167890236916536,0.06264944144650873,0.31666666666666665,6.67056007235307
52,0.5929664464014994,-20.030315681976685,10.829716913058897,12.009822813378774,0.06189521887250896,0.2541666666666667,7.198421380011382
53,0.5870367819374844,-18.089887061383788,9.502041735633101,14.799555572378118,0.05687930854037004,0.3875,7.278852849938407
54,0.5811664141181095,-18.8198387851399,10.59488702329126,12.771927426833265,0.08552605564807858,0.3208333333333333,5.088035989010536
55,0.5753547499769285,-21.48818256136734,11.286273818787302,15.547076433949469,0.05044919983789015,0.3666666666666667,7.396740316573063
56,0.5696012024771592,-17.586876886330952,9.705467827767416,13.626215764762629,0.041047964226947876,0.3791666666666667,4.880654969280528
57,0.5639051904523876,-19.107294557186236,10.03817129453738,12.155396424905001,0.06974446599385259,0.3416666666666666,5.421917989037066
58,0.5582661385478638,-19.23177031944302,10.899076341412249,13.614651300471154,0.08692970127511697,0.2833333333333333,5.417475099382007
59,0.5526834771623851,-16.995973823530324,9.230285068926406,13.573908383813338,0.03368496809171818,0.3291666666666667,4.000913803291855
60,0.5471566423907612,-20.854548306538252,11.251230045669883,15.025311321893243,0.057661245560727964,0.3,12.51630000054035
61,0.5416850759668536,-17.66928104708242,9.593553480928326,13.431454823796072,0.06953958253075644,0.3541666666666667,8.82789616184286
62,0.536268225207185,-18.571865866212725,10.185874931450963,13.267452757748176,0.03781858591839304,0.3,5.445765603292443
63,0.5309055429551132,-17.027291342880325,8.878176297087562,14.217421305400256,0.03832216145356502,0.44166666666666665,3.289158373083364
64,0.525596487525562,-21.15904650712213,12.523358575091002,11.550092362067057,0.018651152918344786,0.2416666666666666,15.47888529923307
65,0.5203405226503064,-16.44781216430629,8.664651337477636,14.617749995620542,0.041811387326719705,0.42083333333333334,3.042232475058824
66,0.5151371174238033,-19.084131151875884,11.213313420121397,12.572969712747371,0.04429873805245622,0.33749999999999997,47.18369947106917
67,0.5099857462495653,-17.618259074193173,10.127326564606259,11.172649269452371,0.05331012582226464,0.3083333333333333,7.344214797580395
68,0.5048858887870696,-17.755681889061933,10.21382031473257,12.987780342634176,0.05137958482196492,0.2583333333333333,6.345066805328597
69,0.4998370298991989,-15.524195591877492,8.515638285141533,10.325921745220075,0.0678044249211866,0.3333333333333333,14.224561458127909
70,0.49483865960020695,-16.149759680236702,9.488441604787402,10.94710254412661,0.04762968911649984,0.3083333333333333,16.67506821310305
71,0.4898902730042049,-16.686404921281937,8.982028625809008,12.756543907919166,0.08304429319045513,0.33749999999999997,6.252060448019649
72,0.48499137027416284,-15.417676193104851,10.342459115187511,10.863896948182612,0.04028983702302058,0.26666666666666666,10.37920751463711
73,0.4801414565714212,-16.51958361625745,9.386396220098359,13.682568263936217,0.026520525673996768,0.32083333333333336,5.396327438651483
74,0.475340042005707,-15.869277040756373,8.216143561152753,13.033411373131868,0.10794951138002902,0.3666666666666667,3.7597831729763684
75,0.47058664158564995,-20.455290986092137,10.566763660985325,14.455583451856496,0.07520121260199426,0.3083333333333333,108.02389350398504
76,0.4658807751697934,-18.323780061363667,9.751342811186811,13.329925454831988,0.028704792229839,0.31249999999999994,5.354896642703142
77,0.4612219674180955,-18.40066976926721,9.535309944218072,14.771488247774258,0.07798702006758869,0.34583333333333327,6.44350248482446
78,0.45660974774391455,-17.585139173550015,9.775988762164339,13.245070569953883,0.05823854685361866,0.33749999999999997,9.648419682057353
79,0.4520436502664754,-19.675759501205054,10.948091578392626,12.131976023703787,0.08925399201630296,0.30833333333333335,8.426412914818181
80,0.44752321376381066,-17.122710352877185,10.046953891821696,11.207844694137464,0.09265752865202492,0.3125,45.30879703377022
81,0.44304798162617254,-19.6287701966076,10.716869676591344,13.92642135830395,0.034883183007069406,0.33749999999999997,11.892700169737624
82,0.4386175018099108,-19.218485765511073,10.784936714196812,12.258095690152205,0.0473766827387993,0.325,4.492582348616952
83,0.4342313267918117,-16.864084973654496,9.393736348980696,13.437262870024645,0.06418407543741625,0.3166666666666666,13.866434323206526
84,0.4298890135238936,-16.23449641843437,8.532781552207062,12.317852042668862,0.060165849721425524,0.3958333333333333,4.667653124465898
85,0.42559012338865465,-21.732611202644833,12.298654935200162,11.18300520692892,0.06727417584973522,0.28333333333333327,112.37094039311859
86,0.4213342221547681,-20.985476889640214,11.764586367477092,12.165287112606086,0.05079034425072896,0.3,154.67125421021638
87,0.41712087993322045,-18.328617490953405,11.250755833004929,11.3016961648419,0.024785418788188216,0.24583333333333335,18.409682363108253
88,0.41294967113388825,-20.437002320510548,11.84258164613302,14.69241009362703,0.03790473475213566,0.3,14.411933048099437
89,0.40882017442254937,-16.56534329779627,10.149032133016336,10.558106860191417,0.04129603265456253,0.3,23.177724256607316
90,0.4047319726783239,-17.314814778651016,9.479014246856925,13.675427670694845,0.07369430186648934,0.3916666666666666,5.588424239193967
91,0.40068465295154065,-17.671541769946185,8.754537113681122,15.665041578055428,0.03460062824577918,0.37916666666666665,4.3162814048301925
92,0.39667780642202527,-14.767642689021969,7.921238817636166,13.942802461524522,0.029783366533003442,0.33749999999999997,4.796435882724111
93,0.392711028357805,-19.66198998362245,11.66520666585654,12.46830961468987,0.044689400429633215,0.28750000000000003,29.997867383156052
94,0.38878391807422696,-15.97068771228863,8.71520239385115,13.589033334020419,0.03826235135370244,0.4124999999999999,5.4574027169629025
95,0.3848960788934847,-17.719298278821253,10.280769353819979,13.060971624279512,0.036566553029637364,0.2791666666666667,12.027471855599645
96,0.38104711810454983,-18.87903658832294,11.486490703546707,12.240356333344062,0.013317033137489062,0.25,20.70837386480057
97,0.37723664692350434,-18.203782927748236,10.003342692454254,13.683842842315869,0.020002499140023108,0.3125,6.450086282425775
98,0.37346428045426927,-19.478530096253,10.922551869772297,14.05575382769081,0.040209531638918314,0.3625,5.372533428281539
99,0.36972963764972655,-18.388673269542554,9.95665619398066,13.268135740673811,0.04074665755828068,0.32499999999999996,5.509270615000003
100,0.36603234127322926,-17.38634364967729,9.450603763002173,13.840441204135537,0.035936490719788695,0.3,3.7935599720362823
101,0.36237201786049694,-15.991327684132594,9.07099816476587,13.3815619002983,0.027846502073088725,0.34583333333333327,5.683301984979866
102,0.358748297681892,-13.98032108588204,8.054919913005945,10.508987397767523,0.06415668022633299,0.3208333333333333,5.776555942374841
103,0.35516081470507305,-16.508557037155956,8.967124637516877,12.480124588057016,0.0672359097022363,0.3833333333333333,6.396392082564909
104,0.3516092065580223,-17.34025265938243,8.498713315281856,14.230468144758092,0.027193033574408984,0.4041666666666666,4.332749011799601
105,0.34809311449244207,-15.037673996668135,9.199665319427261,9.715454436563263,0.054609844112633,0.29583333333333334,5.783923779964557
106,0.34461218334751764,-14.004449245002034,7.76269167688676,12.013290598046346,0.02224753419036686,0.3833333333333333,4.689992974233666
107,0.34116606151404244,-15.359798967133564,8.788548645385644,10.98188655837034,0.03134289008816873,0.3416666666666666,10.277710075623895
108,0.337754400898902,-14.6531831254242,8.605368037630276,10.806785075783013,0.016215362947641688,0.41666666666666674,14.017916122294293
109,0.334376856889913,-14.631842394598117,8.429869145218513,11.766079569986678,0.024973317937181064,0.3541666666666667,9.807572890574034
110,0.33103308832101386,-15.10226545770343,8.32811743798611,11.445928997379504,0.011707779786173147,0.3416666666666666,7.24279001618434
111,0.3277227574378037,-15.865945644810155,8.245177058423517,13.852354224560903,0.06231133699191605,0.4166666666666667,11.275189308169741
112,0.3244455298634257,-15.011762411409997,7.9671813202064214,13.561739880363776,0.01995386815351237,0.40416666666666673,18.041711710808162
113,0.3212010745647914,-16.745603390287098,9.079188159582005,12.471828290208007,0.02559095175415253,0.3625,8.888743550145099
114,0.3179890638191435,-18.416106635016625,10.32237597656661,14.614115307888968,0.02411817936597462,0.3875,13.314331595256673
115,0.31480917318095203,-14.995856615941298,8.071567389878915,12.354544704014778,0.021767239652692106,0.4041666666666666,5.706597221644228
116,0.3116610814491425,-16.51710128014755,8.676760895068995,14.286241648692773,0.029080985007481797,0.4333333333333333,20.321632242810004
117,0.30854447063465107,-15.826431696570152,9.072059033616485,11.087788506791973,0.011817406862590578,0.3625,5.895930199984232
118,0.30545902592830454,-14.952362518163534,9.472734782240348,9.362535733497236,0.02469774584572219,0.34166666666666673,12.079420085997986
119,0.3024044356690215,-16.20730867687882,9.472566088777496,12.217713378597674,0.025862781501629906,0.325,12.12559533073429
120,0.29938039131233124,-16.15409196978375,9.327550169388271,11.849171793732049,0.02421231677999224,0.4041666666666668,5.5793290898531005
121,0.2963865873992079,-15.217156898000129,7.6722184517288285,13.001799388886624,0.07661235219874525,0.4166666666666667,5.2897817705740335
122,0.29342272152521587,-18.285154472347305,9.368444065381714,13.854469202282798,0.026465973540722585,0.38333333333333336,58.31790011001538
123,0.2904884943099637,-18.4106282288413,11.237974061981426,10.1921833765852,0.041013243107915744,0.2625,10.432317224673037
124,0.28758360936686406,-16.312082299015053,10.301872302753011,9.331406640238262,0.04362337882840572,0.3208333333333333,10.23687222266847
125,0.2847077732731954,-18.689069998500155,10.960622564789228,10.952398683807417,0.025970573596298337,0.25833333333333336,88.72545062758358
126,0.28186069554046345,-14.024782421311476,7.360969505078736,12.997630730669085,0.02666244082266202,0.425,8.375123513261608
127,0.2790420885850588,-14.952023928945822,8.876519770502036,10.354764307895358,0.0193738285227277,0.34583333333333327,148.8060985978973
128,0.2762516676992082,-17.017896756643804,9.860377674874753,11.536031149141655,0.015349944276405722,0.3083333333333333,12.769030217951043
129,0.27348915102221616,-15.967592003575662,8.760747133355379,12.028650635263931,0.03738818481478832,0.34583333333333327,11.191268635920684
130,0.270754259511994,-16.180493408170182,8.358518129313401,12.25778315132042,0.04605881652281735,0.38333333333333336,5.285516589313601
131,0.26804671691687404,-18.711919188756074,10.755270119157826,12.874633835045385,0.03439233900953382,0.31249999999999994,8.323832203906507
132,0.2653662497477053,-14.742908942606391,8.833730648715047,11.400754607813752,0.02875973854855962,0.29583333333333334,7.092412409366258
133,0.2627125872502282,-20.995918288142153,10.728993223659428,13.03760087945808,0.018243182459303446,0.3,5.456281603318957
134,0.2600854613777259,-17.88362169129545,9.930581592371317,11.618537100547762,0.03522089610415676,0.36666666666666664,7.84890734704167
135,0.2574846067639487,-17.34793738392445,9.924502847880568,13.377564963320586,0.034484506987021504,0.325,5.50269330904102
136,0.2549097606963092,-15.359835146369797,7.995154661609722,13.568246084887774,0.05161498703816946,0.42500000000000004,4.519071339740251
137,0.2523606630893461,-13.458559743119027,7.676766485580013,11.694292321546124,0.030785565577242765,0.3791666666666667,8.598776777273008
138,0.24983705645845267,-16.004832824185748,10.00712546033619,10.94886901034562,0.016546803393142587,0.28750000000000003,24.48617765758163
139,0.24733868589386815,-15.895806328812384,8.733667596455176,12.016179354922215,0.02128508936606072,0.35833333333333334,7.715486082442993
140,0.24486529903492946,-15.504595038999206,7.489141230569831,14.280818812078953,0.036163779288902013,0.44583333333333336,8.167949847034347
141,0.24241664604458016,-15.50808332269443,7.948456092926282,14.947165212585157,0.026274138187585217,0.43333333333333335,5.382849040019735
142,0.23999247958413436,-15.136067841325675,7.903986987710685,13.85197595884,0.02661501082928403,0.4375,6.984151419801744
143,0.23759255478829303,-14.524570624849767,8.413532705476774,10.358468268661559,0.03485057547302151,0.3499999999999999,10.84927260713161
144,0.2352166292404101,-15.462719255670855,8.974142199842705,11.284784218182885,0.03237606529410648,0.35833333333333334,14.023405513699904
145,0.232864462948006,-15.449091128438168,9.53581283142181,10.892278872221539,0.02041269347866018,0.3791666666666666,6.589725379473243
146,0.23053581831852593,-13.914482945679117,6.52702438815214,14.764827456982085,0.01970592503203663,0.4708333333333334,2.644968629744149
147,0.22823046013534068,-16.775917967955998,8.832209738932304,10.938625289111206,0.04221780366352637,0.3791666666666667,7.070840849460229
148,0.22594815553398728,-13.937441102484149,7.999397170582184,10.055882772641008,0.015306525717335684,0.2791666666666667,10.78707515938494
149,0.22368867397864742,-16.931438667931133,8.889912788747504,14.834838151817076,0.03253120810843752,0.38749999999999996,6.837967964197965
150,0.22145178723886094,-14.944673725978262,8.281307275427205,13.048445458951006,0.027072314588893667,0.3541666666666667,4.993301697752509
151,0.21923726936647234,-15.092592377316285,7.560464916584256,13.075192467894608,0.06837717154102822,0.3875,3.950728498563804
152,0.2170448966728076,-17.70235078179228,11.217319762225188,12.184291265387737,0.02538994476127258,0.32083333333333336,83.66511026306729
153,0.21487444770607952,-15.633674781376698,8.350544519135894,13.132865109247868,0.05230982707975714,0.4291666666666667,24.128002541500294
154,0.21272570322901874,-17.846697978432715,10.901608673007267,10.830154298231788,0.034735898228643265,0.2916666666666667,196.14568700112173
155,0.21059844619672854,-14.922765596115608,7.436254699148127,13.151884460966352,0.054153683569340756,0.44166666666666665,5.517912784453778
156,0.20849246173476127,-15.335099078258166,8.163472534144299,12.420315240084348,0.051060512753196306,0.42083333333333334,5.619276121375671
157,0.20640753711741366,-14.86521614172373,8.146210059797797,11.888924199207109,0.04477214479892291,0.3125,8.355233412574114
158,0.20434346174623952,-16.388388932034452,8.67985494434056,13.526628947534808,0.0262494867860662,0.39999999999999997,5.968638454145201
159,0.20230002712877712,-14.757340946107504,9.125607505868832,10.031936516685581,0.040276554769707824,0.325,6.888668518186178
160,0.20027702685748935,-15.399891597567715,9.058098990616513,10.561373370347821,0.024250767930626572,0.3458333333333334,30.32016981414199
161,0.19827425658891445,-12.961287934835704,6.7939520726471905,12.020985750749515,0.025701404496888264,0.4958333333333334,2.9319667142886257
162,0.1962915140230253,-14.075776150414066,7.809978678640708,10.699302704378129,0.04521931912870383,0.40416666666666673,7.43511754039287
163,0.19432859888279505,-14.768146798140991,7.975617081991211,12.671544996495983,0.03119162666746352,0.38749999999999996,12.518288861032325
164,0.1923853128939671,-14.770437501992282,7.212481152816817,13.014817176742264,0.036976385573962336,0.46249999999999997,4.9039929449052515
165,0.19046145976502743,-21.59282145246598,12.827369736584787,12.8612365060765,0.024073728595517232,0.29583333333333334,42.41340952659342
166,0.18855684516737714,-13.577052051198654,7.101923585826076,14.052842663446507,0.01217445766032225,0.4375,3.8716539073827323
167,0.18667127671570335,-15.172194969479634,7.868666779358509,13.162800113610023,0.03103871441976691,0.37916666666666665,12.84227484103502
168,0.18480456394854633,-17.491440663502516,9.089160800498492,13.721150484266312,0.021907458130367877,0.39999999999999997,9.26275207929398
169,0.18295651830906087,-15.321301117588897,8.74062758949265,12.82815390996605,0.011418839360650123,0.3416666666666666,8.054585452728345
170,0.18112695312597027,-12.544454847178384,6.590650035031248,11.25269318061474,0.013002916046753665,0.45833333333333326,3.5956101056913536
171,0.17931568359471056,-14.092863787057494,7.1822270622752775,12.401455960546604,0.019984226280724753,0.43333333333333335,12.77842956202098
172,0.17752252675876345,-12.378831247635107,6.844852981961094,11.514646578232243,0.016085880264368604,0.4083333333333334,5.88133074819094
173,0.17574730149117582,-15.098534035075465,8.016023908379072,10.916701704689558,0.03492442565172024,0.3541666666666667,6.1879681696993964
174,0.17398982847626407,-13.824556835915573,7.640084511784708,12.07270378736561,0.027961218126017835,0.3416666666666666,5.485297611324545
175,0.17224993019150142,-16.48322878639527,9.48868702348751,11.98879877769509,0.06300467313303683,0.34166666666666673,8.051838539718196
176,0.1705274308895864,-15.207081404762013,8.854594782192207,10.788633166783967,0.02747592855332297,0.3541666666666667,6.5530638130652585
177,0.16882215658069055,-13.945958839797932,8.651623538676713,10.152566214937838,0.03302790556048945,0.325,9.020723654224954
178,0.16713393501488363,-15.034116658731357,7.305431825143624,13.790588370242986,0.024373977221238328,0.40833333333333344,91.28067665998792
179,0.16546259566473479,-14.221503908156608,7.722980119313637,11.66734274987664,0.03920063080587953,0.3416666666666666,4.78847176883067
180,0.16380796970808745,-15.799943746443043,7.608052349458149,13.904243191963864,0.015566446953712528,0.45416666666666666,3.9574732469120466
181,0.16216989001100657,-16.00365087206772,8.767950643408824,13.894690070536178,0.013257060888377581,0.38749999999999996,7.926004179512325
182,0.1605481911108965,-15.301073807968455,7.50988803044041,14.891192103348125,0.013330026105364946,0.37916666666666665,6.140194562152366
183,0.15894270919978754,-15.004443616008755,9.113306562351328,9.18379167137283,0.03075894633656698,0.32083333333333336,39.80439612712752
184,0.15735328210778965,-16.991390794830718,10.940055235657889,10.611291940983298,0.03020403287916067,0.2625,36.902435760029896
185,0.15577974928671176,-18.875137285443248,11.821925315537415,11.43729410822357,0.010338723819111465,0.36250000000000004,83.156304216238
186,0.15422195179384465,-17.064581473226976,9.5177956183349,13.28197581162632,0.027513836445217234,0.37916666666666665,11.070586138477145
187,0.1526797322759062,-15.086360853366566,7.157626849939022,13.764318403855823,0.08186254340145263,0.42916666666666664,19.296949767195567
188,0.15115293495314713,-16.111020477534044,9.079581412454795,13.08000698394702,0.03700933061660545,0.35000000000000003,11.96116972022269
189,0.14964140560361566,-16.92149164157449,9.870068721624037,12.435276899259032,0.05453038804324931,0.32499999999999996,6.300660604301602
190,0.1481449915475795,-16.01588399527549,10.024691680821654,10.164074591498885,0.032372760078778824,0.2916666666666666,8.875802152392625
191,0.1466635416321037,-18.376287270233558,10.943909223340782,11.60156675291588,0.0662007190547408,0.2833333333333333,24.685349120062472
192,0.14519690621578268,-14.776319812351176,7.652366852321564,13.404887881865625,0.021954033037756962,0.40833333333333327,8.143947799693358
193,0.14374493715362485,-14.38016700693599,7.673216197401058,13.654693099594303,0.035124670038014456,0.4291666666666667,4.214494213488511
194,0.1423074877820886,-15.305747479368273,9.748434715470916,10.406610774152101,0.03417719525241088,0.30416666666666664,83.9779577102655
195,0.1408844129042677,-17.930024252449723,9.352076247974075,13.167561973287127,0.022407732167483294,0.35833333333333334,14.799893333581336
196,0.13947556877522502,-15.51235353789842,7.837711179579685,12.441980815029126,0.027151933962073608,0.40833333333333327,13.604630812922773
197,0.13808081308747278,-19.266808851315098,10.749060327538032,10.854262325462669,0.018377696536492672,0.34583333333333327,79.10283529255233
198,0.13670000495659804,-16.345070743913194,9.900903967664815,10.587834210460418,0.009686390491909419,0.32083333333333336,23.360342769047193
199,0.13533300490703207,-14.876581691972584,7.418611242531386,13.432069038549594,0.018559023289861483,0.44583333333333336,24.046853529217017
200,0.13397967485796175,-15.722991216722235,9.481063445741851,11.88546576930109,0.012609093338831402,0.35000000000000003,11.679798320661384
201,0.13263987810938213,-11.882845957537704,6.529256238538771,10.782745790604315,0.021844664998662208,0.4083333333333334,6.653312832847905
202,0.1313134793282883,-15.715772952945798,7.94914664328559,13.009569415431708,0.024658788732080925,0.38333333333333336,6.849232782290708
203,0.13000034453500542,-13.413177623283266,8.496579379124384,9.890263412237525,0.03464725883881654,0.35833333333333334,11.10807691080143
204,0.12870034108965536,-15.35494408949893,8.043842248052155,12.84947561963071,0.009351303590440034,0.4166666666666667,10.855269117935093
205,0.12741333767875881,-12.850697961428752,7.779626855079816,9.55036380427376,0.025301912475374524,0.2833333333333333,7.975024267992983
206,0.12613920430197123,-16.887010551009574,9.903855166984732,11.599273027904259,0.016437002389000237,0.3458333333333334,22.15208997770452
207,0.12487781225895152,-13.146604641707961,6.70238949360698,11.681675669367216,0.01720860510841974,0.44166666666666665,4.384822304762857
208,0.123629034136362,-14.328756579521203,8.110659054420504,11.063960225919542,0.01294382043908606,0.35000000000000003,7.26575048541372
209,0.12239274379499838,-14.90019094742217,7.1212209292484685,14.143074076118916,0.024690829912278653,0.47500000000000003,3.627371955879212
210,0.1211688163570484,-15.251157973194465,8.833257780731545,10.624089002808242,0.009382911287265209,0.3708333333333333,25.26707159542731
211,0.11995712819347792,-15.408062228542938,8.354159592168985,12.496966250756495,0.014441010693400773,0.34583333333333327,5.823319357788897
212,0.11875755691154315,-14.429096892161633,8.185354758623125,9.930367226479596,0.011059978386753386,0.3875,9.25303420850859
213,0.11756998134242772,-13.948831153797997,7.964568567192262,10.506864050734197,0.006688057788165475,0.3458333333333334,29.749164388087745
214,0.11639428152900344,-14.339179862067516,8.33700594198474,11.83366790640662,0.016063223765043825,0.3541666666666667,8.175431477951596
215,0.11523033871371341,-13.549835710094376,6.300682388770361,14.314840303815076,0.005351963659882084,0.48750000000000004,3.5792792218526963
216,0.11407803532657627,-16.2217826403774,9.977452412214095,9.919239837901792,0.010781839382203994,0.325,19.965376852244788
217,0.11293725497331052,-13.585401397401958,8.693380561470265,9.346078360585413,0.027382657483467198,0.3,100.61646514451735
218,0.1118078824235774,-14.063910063875683,9.466856374444252,8.787357827961992,0.014717254952680196,0.3541666666666667,80.68596558941273
219,0.11068980359934164,-13.861979155554616,7.280653500749103,11.78685047989831,0.027675781957964957,0.39166666666666666,7.1665833819389775
220,0.10958290556334822,-16.45719017116225,9.557001793600248,10.758497123629816,0.01981732283831612,0.31249999999999994,152.1255601736681
221,0.10848707650771475,-14.020736504006914,8.569666864306818,10.164594074932532,0.01856843334568944,0.3958333333333333,29.67034215179824
222,0.1074022057426376,-16.653228845933416,9.208613647918595,12.811977615510278,0.011212809094536117,0.3541666666666667,16.825485398356975
223,0.10632818368521123,-12.812190513002475,6.807098847965783,11.546058721058317,0.018925769966547042,0.4041666666666666,5.015800986945805
224,0.10526490184835911,-14.132292736514676,7.887344881588813,12.825342525203247,0.007348606611823721,0.41250000000000003,4.711853613409148
225,0.10421225282987552,-14.932587928471163,8.492547908619791,10.655666549916607,0.04520236888592141,0.30833333333333335,7.85304841086727
226,0.10317013030157676,-13.94776609909126,8.524482585869574,9.869721250630029,0.02463346868635242,0.2625,29.850753192700356
227,0.10213842899856099,-14.548031028513707,7.0738048817458195,13.835780804882248,0.008116455848146716,0.5,3.3067157355056147
228,0.10111704470857538,-13.537947866642133,7.915068620073377,10.037388704567752,0.008473452719927646,0.4041666666666666,38.284147037748745
229,0.10010587426148963,-15.982964155491876,7.970743945951547,13.721634636712173,0.010847679286703339,0.3958333333333333,23.892566289945467
230,0.1,-15.326286675496156,9.00572199622922,10.897243932675458,0.008141843158829818,0.325,16.92299491519891
231,0.1,-13.375364836487542,7.2519407398373135,12.106324652230827,0.03776673239163748,0.4541666666666668,3.8676605677478495
232,0.1,-13.650150771895769,7.312687553641044,11.175026549669576,0.03173869380089938,0.4000000000000001,5.533265590775165
233,0.1,-16.21448226897883,9.997854660177277,11.739449330719081,0.030821462490104836,0.3416666666666666,10.322421208352752
234,0.1,-15.191138853211319,8.327571559552426,11.74664656321742,0.007208452923481543,0.37916666666666665,26.08124723069497
235,0.1,-12.538170967069782,7.43886371428315,9.477222284850598,0.020646321098041338,0.34583333333333327,36.88275941419415
236,0.1,-14.603978142210963,6.925615778725143,13.51116082999564,0.013812113510940006,0.45,8.520015693703739
237,0.1,-17.16445095126559,9.530193850314378,11.782443316436769,0.014831560871679333,0.3208333333333333,93.24465182853349
238,0.1,-13.597936279095679,7.3083876289717224,12.13426959589023,0.012644032544201602,0.49166666666666664,5.0315059767074475
239,0.1,-11.042827323371212,6.102954844722074,11.024385574182695,0.008428295116286946,0.4291666666666667,4.504253954278419
240,0.1,-11.972950468356066,6.1308010338650485,11.837278068494841,0.022941432594610064,0.4666666666666666,3.36062393240797
241,0.1,-13.170988034522097,7.448119813016723,10.87395957801562,0.01116919425500628,0.4375,66.90234685044668
242,0.1,-12.137264796972461,6.077230326006167,12.18926130737871,0.015401442127970934,0.45416666666666666,9.165663058108965
243,0.1,-11.931209266715996,6.778790419755624,10.271204097263528,0.016942479461951685,0.3958333333333333,53.44146833518325
244,0.1,-17.011260490503116,10.255932933818823,10.028113710526119,0.020177010143500037,0.325,65.18593519225448
245,0.1,-15.215827477128547,7.699911909570466,12.04845481580944,0.007975721277903526,0.4166666666666667,16.94753160551572
246,0.1,-14.711679501385474,7.875059580490966,12.703643810617349,0.017933756158445842,0.4916666666666667,4.04324433649809
247,0.1,-14.391781469033987,8.411080770667139,11.331948692459292,0.023843814488772142,0.32083333333333336,14.98881008190093
248,0.1,-12.461063854383411,5.647854083922372,14.898647111673606,0.009145352150671438,0.5208333333333334,3.8022818529508307
249,0.1,-11.658748815656507,4.219386301059177,16.182070809598418,0.015212862632736938,0.6083333333333333,1.8821853705050478
250,0.1,-12.916145943130358,6.682489621937607,12.900290727908024,0.010422412845080761,0.47083333333333344,23.46494107830456
251,0.1,-10.935176360405562,6.456118587409591,10.308085546569204,0.010982582664456201,0.4166666666666667,7.354577355085149
252,0.1,-13.721182367439901,8.113896309609043,9.37051240126272,0.011081290532034209,0.43333333333333335,59.09557858208574
253,0.1,-12.932936893929975,7.488236156715249,10.953980530279374,0.012335327742620352,0.40416666666666673,12.001454828516584
254,0.1,-13.305392098305923,7.524738775167552,10.630301269148108,0.01597779380690051,0.3583333333333334,11.125108090973479
255,0.1,-13.343455494516357,7.5607261041662355,10.027885522407852,0.008159671096081194,0.4041666666666666,58.90778312340493
256,0.1,-15.814005087377287,8.912997317758627,10.828428789228925,0.011359195340186713,0.35000000000000003,9.026764122801902
257,0.1,-11.95030202203523,6.745681539992062,10.395894656450904,0.011252747936226265,0.38333333333333336,7.2043383449895515
258,0.1,-14.31257062885998,7.271998748203472,12.98913569086377,0.012697407894242578,0.37083333333333335,5.318528659480441
259,0.1,-11.82257525437438,7.1986334146955935,9.81524363326966,0.009727088752667198,0.3458333333333334,11.557985750225114
260,0.1,-15.1504873362721,9.336715977571762,10.419216062715615,0.03251944209840301,0.2916666666666667,22.716544563741206
261,0.1,-12.591047772234582,5.878671288234816,14.254142210583431,0.03265810218696772,0.425,3.233176372466682
262,0.1,-12.486595171216512,6.641702366110461,11.60257178078244,0.011297743517156102,0.37083333333333335,4.548931868541828
263,0.1,-17.517085983031805,10.90653242725095,11.121098582897188,0.015635613499093263,0.25416666666666665,15.024466936153177
264,0.1,-11.322644839352877,5.853489951592528,12.537989275834567,0.011905506982365024,0.48333333333333334,3.5634870253506548
265,0.1,-14.360015750424528,8.613147725266819,9.200713138114262,0.020288331971477277,0.3875,7.455880574979578
266,0.1,-12.552723578516412,7.504491869320206,9.857007896562276,0.004392214749360009,0.33749999999999997,12.421436165599458
267,0.1,-15.173214957819674,8.071918334648634,12.772069290275544,0.01846459250071932,0.4541666666666668,173.33868573118892
268,0.1,-13.733074287374814,7.183774753924868,11.98642663566074,0.011364405413734369,0.4916666666666667,81.55518543597464
269,0.1,-11.401475099906209,5.748165400894538,11.867601270963092,0.00633525759772818,0.4916666666666667,6.394163370251406
270,0.1,-14.44984687838768,7.35387401983628,12.303294627922575,0.01276006148936852,0.42916666666666664,4.48687369081576
271,0.1,-15.36932030941688,8.617043902132457,11.435016437009478,0.047026625407074196,0.4166666666666667,17.342398624632626
272,0.1,-16.774990645025326,9.232610315012886,11.64345325384789,0.009245834981461105,0.39166666666666666,71.73656096103963
273,0.1,-15.243157208630587,9.5168440180353,8.976329784184804,0.013460380251031313,0.3458333333333334,157.91200043169025
274,0.1,-13.666160068221856,7.61283200451145,11.836124291014498,0.01839688776654845,0.425,8.805956698157305
275,0.1,-11.767041324159841,5.186215920001417,12.344349496776907,0.01342564119466966,0.5291666666666667,2.7972153008025895
276,0.1,-13.03861076112652,6.1019877791407815,14.565595843613677,0.028538838278294235,0.4833333333333332,3.350239242383255
277,0.1,-15.752819771174826,8.38295976150533,13.508266513522086,0.01649792143644048,0.4083333333333334,11.66589092412958
278,0.1,-14.767022337269083,8.747998000719345,10.38548071243599,0.012459175220424987,0.3958333333333333,32.169195327393076
279,0.1,-11.394108197673981,5.635737815339628,11.776012978112837,0.012780391008062511,0.5166666666666666,3.3045507939337377
280,0.1,-12.151569668578034,7.932057363392343,8.94449801370297,0.01024431252779299,0.3125,13.282002227849608
281,0.1,-11.88596227024673,6.805533489217182,10.833021421286967,0.02232713128350872,0.3958333333333334,4.699128551527415
282,0.1,-12.32745405437484,7.368282705386214,10.432403964783775,0.012407833106505317,0.3958333333333333,6.142246597130036
283,0.1,-12.410050567318544,6.489100333528974,12.684330592453863,0.0072362868627136616,0.4000000000000001,17.31957406225567
284,0.1,-11.389655128336758,6.498304043208386,9.51341739294798,0.01478466986387536,0.35000000000000003,7.605837505263328
285,0.1,-13.692071465353301,7.831812081560339,11.44410199450972,0.018075642998279632,0.40416666666666673,45.14837620189602
286,0.1,-12.188304824683124,6.132373825871479,11.584156761988035,0.01483348049839365,0.4708333333333334,4.428813285731032
287,0.1,-15.19287665336355,8.589505627959715,10.478296299320718,0.017516264896850823,0.3541666666666667,16.7313886138868
288,0.1,-11.822157320164258,5.489135265311218,14.2636891002619,0.01360028209818013,0.5000000000000001,2.473238151377331
289,0.1,-14.435510908367759,7.2434967138229736,12.436049768937915,0.01172589824330988,0.41250000000000003,28.55588301025345
290,0.1,-12.005324475329884,6.0974090390461235,11.989579622919704,0.017858180515134593,0.4583333333333333,4.113224332528228
291,0.1,-14.401413559549416,7.749034271759588,12.348428299162293,0.044964465232772,0.3958333333333333,28.868876228034264
292,0.1,-14.680472907430419,7.3986718533700175,15.016548853620902,0.01355564029044455,0.4208333333333334,6.534959882124774
293,0.1,-13.475387565647218,6.945726920994772,12.769654021808137,0.009416813177836344,0.4583333333333333,4.989800201640715
294,0.1,-14.128390501868267,7.926674350086883,9.79574552288487,0.021625750845594024,0.37083333333333335,13.913363913080827
295,0.1,-13.337130997071675,6.074955996884263,13.191288774275627,0.024986751643886414,0.5291666666666667,4.158645073796688
296,0.1,-14.804095631911657,8.631008059555706,11.549914917688001,0.07237814368906244,0.3875,18.67059059641604
297,0.1,-13.183239813793568,6.956353877442101,11.271778891578135,0.08541030665780679,0.4583333333333333,8.842310576479667
298,0.1,-15.86401038921778,8.827720311892207,11.170649177833809,0.011878659434495986,0.37916666666666665,18.030629182309173
299,0.1,-12.583291908138955,6.8787294055943775,11.821858689783804,0.01282874029506933,0.45416666666666666,11.68527482706064
300,0.1,-11.87545092656891,6.822086621593848,11.005546878206324,0.011578159281892883,0.4166666666666667,4.58603972882007
301,0.1,-13.859425808088027,7.27530968101163,14.077676877073733,0.01925507031962375,0.39999999999999997,11.360355447688201
302,0.1,-16.170608114801848,9.302950812086772,10.92759053221331,0.044744959018649416,0.3333333333333333,11.126245817700061
303,0.1,-12.579928595948937,7.498682663902763,10.850362612623789,0.015222854714840533,0.42500000000000004,12.177116315418985
304,0.1,-17.99455235496107,10.608797035393877,10.827790833667374,0.020224979127727426,0.3333333333333334,43.51935778601063
305,0.1,-11.476374995025937,6.130335566036606,11.487445130182865,0.011389872844603653,0.42500000000000004,4.672663474691032
306,0.1,-14.288023611826977,7.870092479919137,12.359220457795011,0.013264218489855761,0.41250000000000003,6.174187443815139
307,0.1,-13.851421013941973,8.544694633234071,9.123707284925194,0.010206044857772146,0.35000000000000003,48.78993585809397
308,0.1,-14.697615159414655,8.13726239645636,13.611748845117235,0.007316107331363351,0.42916666666666664,6.495059315396408
309,0.1,-14.571533259889717,7.6296395140634985,13.088130234410322,0.010845826644423117,0.37916666666666665,6.160105588783472
310,0.1,-13.814288294522335,8.287159347359614,8.526999110632294,0.007597266524273846,0.3333333333333333,14.075709010365317
311,0.1,-12.97846174303797,6.991637139306857,11.112354337629105,0.010042426108994924,0.4000000000000001,9.766856120078717
312,0.1,-12.081362348187769,5.96821719253914,12.625841570022972,0.04621655257295056,0.4291666666666667,4.189109513962792
313,0.1,-13.603298335651013,5.872831744649094,15.68990816201723,0.025811166386839807,0.5041666666666668,3.8241417293863713
314,0.1,-15.50374655071748,8.38814295909732,11.379725236429564,0.020370239473841076,0.4124999999999999,105.33766421719692
315,0.1,-14.168455240471259,8.199757170953829,10.939849265216397,0.010912489463818039,0.41666666666666674,15.693146447552463
316,0.1,-13.676160380113773,7.041030244089749,13.66531490363817,0.007657857355710212,0.4083333333333334,6.556388515039735
317,0.1,-13.307348430152402,7.73806527655936,11.569639005227145,0.020659550000944733,0.38749999999999996,19.54923175976828
318,0.1,-12.318979089733874,5.542226632514599,13.22061315012998,0.017954818488265595,0.4708333333333334,4.930005360190081
319,0.1,-12.6267544610323,7.042616940399405,11.276179892946233,0.020824783618317196,0.4333333333333333,7.599753874474458
320,0.1,-13.137504230762135,8.45591879403687,8.54037348642173,0.027998630004651054,0.31666666666666665,24.887454469153624
321,0.1,-12.838061973787203,6.092982046294375,13.524146696369256,0.0250303481196838,0.49166666666666675,8.680193758483925
322,0.1,-13.319736145899745,8.147304219240445,9.362767953654572,0.0342832333909296,0.36666666666666664,11.875176764374112
323,0.1,-16.967945400467077,9.416313215209422,12.85448899604649,0.005656907701283368,0.3416666666666666,13.996607882291547
324,0.1,-15.821618913009083,8.528657988895008,13.482294283088416,0.006570577033148314,0.42083333333333334,20.633272308896654
325,0.1,-13.637768131788507,6.817724403964303,12.96027674061637,0.013936834984118638,0.4291666666666667,17.063858934030705
326,0.1,-13.457476887186061,6.587041085188332,13.311610737800308,0.020007167527587088,0.41250000000000003,15.228029355449218
327,0.1,-15.94153505442827,7.3827705722518795,15.32103729427112,0.01587538478214925,0.5499999999999999,60.140604981711654
328,0.1,-12.671951886653114,7.722112676086262,9.342831485623373,0.03247625439943989,0.3541666666666667,8.048470552754589
329,0.1,-13.963309001737763,7.920519018863865,10.329189445050778,0.020199833238430737,0.39166666666666666,6.8190365401849204
330,0.1,-13.676306415144575,7.925793688516586,10.257693239476742,0.015189418802347296,0.33749999999999997,18.520946478296356
331,0.1,-16.119113834503253,8.36308417958613,12.847713205292578,0.0169303429359847,0.4291666666666667,9.344285449309899
332,0.1,-13.607161712387304,7.809708942690048,12.223650710479689,0.01665360604173399,0.3375000000000001,4.578939956779693
333,0.1,-14.967142560086087,9.260493398470938,8.931970765664254,0.013924549221437184,0.3541666666666667,17.1018922262628
334,0.1,-12.77150085055124,7.948077060539617,9.509687599604929,0.02946295032882301,0.38333333333333336,16.43900811659616
335,0.1,-13.078394180599487,7.450481929683934,12.298887255688456,0.003832031580008929,0.3875,6.994798007223001
336,0.1,-15.880704879965563,10.067899106974854,10.05482559158109,0.02153133107302432,0.2333333333333333,85.81348606537165
337,0.1,-11.997642396572536,6.800417356263938,11.11735392144898,0.012162763598529603,0.3875,6.141059412339936
338,0.1,-12.90425804445191,6.637883578736393,13.420214391352973,0.017157244852158762,0.41250000000000003,4.6292190591647815
339,0.1,-12.562130906207715,6.9628087110906565,11.847083508531114,0.028654397593393305,0.39166666666666666,3.8110740450478047
340,0.1,-16.869045726421096,10.879684994745155,10.147434274144693,0.025930445112641087,0.26249999999999996,50.77184619659642
341,0.1,-14.132392589184347,7.210823647014721,12.367135195022184,0.04877305524218172,0.40416666666666673,9.599180434261827
342,0.1,-15.26624319624655,9.460772349827197,10.910319836067375,0.008338076788936742,0.3625,58.26780738360555
343,0.1,-13.156432498792261,7.762421367082177,10.135434805658894,0.0150675026060076,0.36250000000000004,46.07318256676708
344,0.1,-11.98183636703417,6.758534866646986,9.325777560270954,0.007685646814528112,0.38333333333333336,8.256905435829621
345,0.1,-12.137237159360815,7.4719903041232385,8.685517095283762,0.023890989953684605,0.4166666666666667,10.93929016397289
346,0.1,-13.710696427992758,8.011941159992213,10.158638179040423,0.008774251877762214,0.4083333333333334,13.840345837994766
347,0.1,-12.588603986855452,7.593849462654238,10.668403027363764,0.017576791249649896,0.3916666666666668,14.238258922421267
348,0.1,-11.072814481082887,5.98679596946502,11.528767166278548,0.0483372847667402,0.4041666666666666,4.309488687770278
349,0.1,-13.49065234357114,8.064268741711047,9.834005396484441,0.009888863150375219,0.4375,53.61501746908187
350,0.1,-12.568954277612972,5.913999359629351,12.406372205773026,0.02062371556680299,0.5208333333333334,15.069754230499164
351,0.1,-13.71221606681123,7.815188616783499,11.612185190123002,0.03274823693064732,0.4583333333333334,53.50805251983231
352,0.1,-12.955954337208603,7.318974021507995,10.23876569682672,0.02641828611658673,0.39166666666666666,16.625429831889573
353,0.1,-15.026329995156464,8.078735915361127,11.31032558451084,0.005092094379338036,0.4416666666666667,15.380154750295125
354,0.1,-12.231531226806126,7.049093608258932,11.046757243850303,0.021253799332063065,0.4458333333333333,6.746054925191167
355,0.1,-12.34578553373719,4.764558581741777,15.80798706371636,0.020665271124279173,0.5875000000000001,2.2639223464751774
356,0.1,-14.407538670341289,8.518974786208494,10.331252817006012,0.007842008320759432,0.42083333333333334,32.68353723617525
357,0.1,-13.014535530900803,7.691160187291962,11.165564255553546,0.007073190612849132,0.4208333333333334,9.739832446744089
358,0.1,-14.138601965632319,7.569746759750291,11.381437782391203,0.006063863984755825,0.43333333333333335,5.681417584467037
359,0.1,-14.701101467305257,9.536270603829983,8.650333088793575,0.010271002781138752,0.3458333333333334,153.0833080148466
360,0.1,-14.790019674152768,10.230755726482007,6.906973993848726,0.013299297629751473,0.275,53.35020215979566
361,0.1,-13.107260906088916,8.867377417689552,7.423804152327165,0.01968699161128453,0.33749999999999997,51.67622761558281
362,0.1,-12.265339873261906,6.996436737926641,9.651504951032178,0.02125224989144805,0.39166666666666666,13.907272400725143
363,0.1,-11.056376771516637,5.299508897215022,13.56853798560829,0.018193056665699703,0.55,4.507590658915153
364,0.1,-12.017582815593757,7.403763825760852,9.280680811935184,0.011308678350355138,0.32916666666666666,13.609092282966321
365,0.1,-11.891269254435912,7.210712388198451,9.057673903894747,0.008141055004058454,0.37916666666666665,19.07078004651793
366,0.1,-10.744732625693437,6.715611382429823,8.665807386014325,0.01973041398066335,0.39999999999999997,7.755200884512924
367,0.1,-12.139848937267018,7.348134464514897,10.394487095959672,0.004124894602842844,0.47083333333333327,11.769202741208519
368,0.1,-13.523600414024907,8.645536012177741,8.14478668278685,0.02047046356673345,0.21666666666666667,19.42399894604093
369,0.1,-12.486554714432387,6.7722077599747506,11.70705225236118,0.010063327055999436,0.4208333333333334,6.662555023278828
370,0.1,-15.369578613925006,7.451832846777904,11.40040099159352,0.010771068509969936,0.46666666666666673,349.8881016635183
371,0.1,-13.114694030037953,7.135034321397247,11.49707284818775,0.006244032674245532,0.42083333333333334,12.955838647466264
372,0.1,-13.35977618582118,7.8901027465544,10.034763524429358,0.017512352944457816,0.5,67.84879723921631
373,0.1,-11.242673233075982,6.3980766328372125,10.744728560388866,0.018881574546108323,0.4791666666666666,8.943907796949123
374,0.1,-10.246158294131526,5.836201452787864,10.247618233280976,0.006359407623514374,0.5041666666666667,4.432799540055707
375,0.1,-12.504961085102595,7.271895355900689,9.737604620440592,0.005856384247448537,0.3958333333333333,10.552806259867682
376,0.1,-12.17989889728329,6.3427166504266035,12.436551637050782,0.01379643827787609,0.4791666666666667,9.919835722152857
377,0.1,-12.65098559777831,7.319774569872795,10.592957118896473,0.010440084133184686,0.4791666666666667,18.763223548094906
378,0.1,-13.461068901700557,7.4306309265984885,10.788074029349156,0.013121554101423141,0.4458333333333333,10.828859143710494
379,0.1,-14.285095591491121,7.927882014068171,10.589304219334066,0.009987833186966074,0.4333333333333334,14.025059924803896
380,0.1,-13.27400935292505,7.1580357614976196,11.59891843224595,0.01403972014657435,0.47083333333333327,50.78484465573414
381,0.1,-13.8417513610882,7.289421240527555,13.055459296308236,0.009514700074009607,0.4583333333333333,7.840610981321373
382,0.1,-12.293787223871156,5.580921405158595,14.267978636276391,0.01201002980308156,0.48333333333333334,3.812294742717637
383,0.1,-12.738088873607081,6.5756528846812365,11.555098342948442,0.017478960115881795,0.4583333333333334,7.167760503301896
384,0.1,-14.592668364496708,8.58131111504339,9.582563649743756,0.013784771574524915,0.32083333333333336,20.07900684424235
385,0.1,-12.241323615955807,7.353614920629764,8.869578944328259,0.011481686249749663,0.4124999999999999,73.91485646491282
386,0.1,-12.072560573157068,7.72918934534752,7.81812947960261,0.013477377066790107,0.37499999999999994,28.560268490064434
387,0.1,-15.225897993050552,9.191485950232146,8.994750657710219,0.017244692998767734,0.3583333333333334,83.28206846039751
388,0.1,-10.887172843214165,6.29933556536172,8.500681552820666,0.024139914803871287,0.4583333333333333,12.263009573375077
389,0.1,-11.670378090543542,7.672707310861832,6.655202502622868,0.010839851904806887,0.4291666666666667,39.00770990992974
390,0.1,-13.78119939834245,8.650452107426938,8.734373075608735,0.008209333056845501,0.36666666666666664,76.11945440946081
391,0.1,-13.367148638959465,7.369544927813156,11.34104081962258,0.0065219358514121495,0.4625000000000001,10.792269233115675
392,0.1,-15.212893613949865,9.327697400187189,10.44678540768164,0.009118580316432355,0.3791666666666667,21.103133318730556
393,0.1,-13.203146082481384,7.87877427615372,9.958710621633905,0.020464044673413402,0.37083333333333335,16.412223740564514
394,0.1,-12.282938653403834,5.695996656580545,13.335722481222577,0.0063588920674052035,0.5125,4.898712336222684
395,0.1,-10.165282915565598,5.591053305579764,10.123940096167077,0.017806626498207346,0.5375,3.995927271270398
396,0.1,-12.093692869344515,4.330043266104857,17.343773641731982,0.013046358258454618,0.6541666666666668,1.6374545223786303
397,0.1,-13.82297376425194,8.296164493108412,10.821497644281331,0.016870876927833026,0.35000000000000003,10.189354067718606
398,0.1,-14.15705514873423,7.51197781143577,10.97960283904704,0.01958727894749002,0.49583333333333335,17.320088982135893
399,0.1,-13.516906409874158,7.500893372045638,10.012754500181448,0.010126443444631797,0.4583333333333333,9.875917093824158
400,0.1,-10.521438160898217,6.122477522130672,9.780536724119642,0.014349862606675388,0.4583333333333333,6.14195566547879
